{
    "$schema": "http://schema.management.azure.com/schemas/2015-01-01/deploymentTemplate.json#",
    "contentVersion": "1.0.0.0",
    "parameters": {
        "location": {
            "type": "string"
        },
        "virtualMachineName": {
            "type": "string"
        },
        "virtualMachineSize": {
            "type": "string"
        },
        "adminUsername": {
            "type": "string"
        },
        "virtualNetworkName": {
            "type": "string"
        },
        "networkInterfaceName": {
            "type": "string"
        },
        "networkSecurityGroupName": {
            "type": "string"
        },
        "adminPassword": {
            "type": "securestring"
        },
        "diagnosticsStorageAccountName": {
            "type": "string"
        },
        "diagnosticsStorageAccountId": {
            "type": "string"
        },
        "diagnosticsStorageAccountType": {
            "type": "string"
        },
        "addressPrefix": {
            "type": "string"
        },
        "subnetName": {
            "type": "string"
        },
        "subnetPrefix": {
            "type": "string"
        },
        "publicIpAddressName": {
            "type": "string"
        },
        "publicIpAddressType": {
            "type": "string"
        },
        "publicIpAddressSku": {
            "type": "string"
        },
        "sqlConnectivityType": {
            "type": "string"
        },
        "sqlPortNumber": {
            "type": "int"
        },
        "sqlStorageDisksCount": {
            "type": "int"
        },
        "sqlStorageWorkloadType": {
            "type": "string"
        },
        "sqlStorageDisksConfigurationType": {
            "type": "string"
        },
        "sqlStorageStartingDeviceId": {
            "type": "int"
        },
        "sqlStorageDeploymentToken": {
            "type": "int"
        },
        "sqlAutopatchingDayOfWeek": {
            "type": "string"
        },
        "sqlAutopatchingStartHour": {
            "type": "string"
        },
        "sqlAutopatchingWindowDuration": {
            "type": "string"
        },
        "sqlAutobackupRetentionPeriod": {
            "type": "string"
        },
        "backupSystemDbs": {
            "type": "string"
        },
        "backupScheduleType": {
            "type": "string"
        },
        "sqlAuthenticationLogin": {
            "type": "string"
        },
        "sqlAuthenticationPassword": {
            "type": "securestring"
        },
        "rServicesEnabled": {
            "type": "string"
        }
    },
    "variables": {
        "vnetId": "[resourceId('SCCM-New','Microsoft.Network/virtualNetworks', parameters('virtualNetworkName'))]",
        "subnetRef": "[concat(variables('vnetId'), '/subnets/', parameters('subnetName'))]"
    },
    "resources": [
        {
            "name": "[parameters('virtualMachineName')]",
            "type": "Microsoft.Compute/virtualMachines",
            "apiVersion": "2016-04-30-preview",
            "location": "[parameters('location')]",
            "dependsOn": [
                "[concat('Microsoft.Network/networkInterfaces/', parameters('networkInterfaceName'))]",
                "[concat('Microsoft.Storage/storageAccounts/', parameters('diagnosticsStorageAccountName'))]"
            ],
            "properties": {
                "osProfile": {
                    "computerName": "[parameters('virtualMachineName')]",
                    "adminUsername": "[parameters('adminUsername')]",
                    "adminPassword": "[parameters('adminPassword')]",
                    "windowsConfiguration": {
                        "provisionVmAgent": "true"
                    }
                },
                "hardwareProfile": {
                    "vmSize": "[parameters('virtualMachineSize')]"
                },
                "storageProfile": {
                    "imageReference": {
                        "publisher": "MicrosoftSQLServer",
                        "offer": "SQL2016SP1-WS2016",
                        "sku": "Standard",
                        "version": "latest"
                    },
                    "osDisk": {
                        "createOption": "fromImage",
                        "managedDisk": {
                            "storageAccountType": "Premium_LRS"
                        }
                    },
                    "dataDisks": [
                        {
                            "createOption": "empty",
                            "lun": 0,
                            "diskSizeGB": "1023",
                            "caching": "ReadOnly",
                            "managedDisk": {
                                "storageAccountType": "Premium_LRS"
                            }
                        }
                    ]
                },
                "networkProfile": {
                    "networkInterfaces": [
                        {
                            "id": "[resourceId('Microsoft.Network/networkInterfaces', parameters('networkInterfaceName'))]"
                        }
                    ]
                },
                "diagnosticsProfile": {
                    "bootDiagnostics": {
                        "enabled": true,
                        "storageUri": "[reference(resourceId('SCCM-New', 'Microsoft.Storage/storageAccounts', parameters('diagnosticsStorageAccountName')), '2015-06-15').primaryEndpoints['blob']]"
                    }
                }
            }
        },
        {
            "apiVersion": "2015-06-15",
            "type": "Microsoft.Compute/virtualMachines/extensions",
            "name": "[concat(parameters('virtualMachineName'), '/SqlIaasExtension')]",
            "location": "[parameters('location')]",
            "dependsOn": [
                "[concat('Microsoft.Compute/virtualMachines/', parameters('virtualMachineName'))]",
                "[concat('Microsoft.Compute/virtualMachines/', parameters('virtualMachineName'))]"
            ],
            "properties": {
                "type": "SqlIaaSAgent",
                "publisher": "Microsoft.SqlServer.Management",
                "typeHandlerVersion": "1.2",
                "autoUpgradeMinorVersion": "true",
                "settings": {
                    "AutoTelemetrySettings": {
                        "Region": "[parameters('location')]"
                    },
                    "AutoPatchingSettings": {
                        "PatchCategory": "WindowsMandatoryUpdates",
                        "Enable": true,
                        "DayOfWeek": "[parameters('sqlAutopatchingDayOfWeek')]",
                        "MaintenanceWindowStartingHour": "[parameters('sqlAutopatchingStartHour')]",
                        "MaintenanceWindowDuration": "[parameters('sqlAutopatchingWindowDuration')]"
                    },
                    "AutoBackupSettings": {
                        "Enable": true,
                        "RetentionPeriod": "[parameters('sqlAutobackupRetentionPeriod')]",
                        "EnableEncryption": false,
                        "BackupSystemDbs": "[parameters('backupSystemDbs')]",
                        "BackupScheduleType": "[parameters('backupScheduleType')]"
                    },
                    "KeyVaultCredentialSettings": {
                        "Enable": false,
                        "CredentialName": ""
                    },
                    "ServerConfigurationsManagementSettings": {
                        "SQLConnectivityUpdateSettings": {
                            "ConnectivityType": "[parameters('sqlConnectivityType')]",
                            "Port": "[parameters('sqlPortNumber')]"
                        },
                        "SQLWorkloadTypeUpdateSettings": {
                            "SQLWorkloadType": "[parameters('sqlStorageWorkloadType')]"
                        },
                        "SQLStorageUpdateSettings": {
                            "DiskCount": "[parameters('sqlStorageDisksCount')]",
                            "NumberOfColumns": "[parameters('sqlStorageDisksCount')]",
                            "StartingDeviceID": "[parameters('sqlStorageStartingDeviceId')]",
                            "DiskConfigurationType": "[parameters('sqlStorageDisksConfigurationType')]"
                        },
                        "AdditionalFeaturesServerConfigurations": {
                            "IsRServicesEnabled": "[parameters('rServicesEnabled')]"
                        }
                    }
                },
                "protectedSettings": {
                    "StorageUrl": "[reference(resourceId('Microsoft.Storage/storageAccounts', parameters('diagnosticsStorageAccountName')), '2015-06-15').primaryEndpoints['blob']]",
                    "StorageAccessKey": "[listKeys(resourceId('Microsoft.Storage/storageAccounts', parameters('diagnosticsStorageAccountName')), '2015-06-15').key1]",
                    "SQLAuthUpdateUserName": "[parameters('sqlAuthenticationLogin')]",
                    "SQLAuthUpdatePassword": "[parameters('sqlAuthenticationPassword')]"
                }
            }
        },
        {
            "name": "[parameters('diagnosticsStorageAccountName')]",
            "type": "Microsoft.Storage/storageAccounts",
            "apiVersion": "2015-06-15",
            "location": "[parameters('location')]",
            "properties": {
                "accountType": "[parameters('diagnosticsStorageAccountType')]"
            }
        },
        {
            "name": "[parameters('virtualNetworkName')]",
            "type": "Microsoft.Network/virtualNetworks",
            "apiVersion": "2017-08-01",
            "location": "[parameters('location')]",
            "properties": {
                "addressSpace": {
                    "addressPrefixes": [
                        "[parameters('addressPrefix')]"
                    ]
                },
                "subnets": [
                    {
                        "name": "[parameters('subnetName')]",
                        "properties": {
                            "addressPrefix": "[parameters('subnetPrefix')]"
                        }
                    }
                ]
            }
        },
        {
            "name": "[parameters('networkInterfaceName')]",
            "type": "Microsoft.Network/networkInterfaces",
            "apiVersion": "2016-09-01",
            "location": "[parameters('location')]",
            "dependsOn": [
                "[concat('Microsoft.Network/virtualNetworks/', parameters('virtualNetworkName'))]",
                "[concat('Microsoft.Network/publicIpAddresses/', parameters('publicIpAddressName'))]",
                "[concat('Microsoft.Network/networkSecurityGroups/', parameters('networkSecurityGroupName'))]"
            ],
            "properties": {
                "ipConfigurations": [
                    {
                        "name": "ipconfig1",
                        "properties": {
                            "subnet": {
                                "id": "[variables('subnetRef')]"
                            },
                            "privateIPAllocationMethod": "Dynamic",
                            "publicIpAddress": {
                                "id": "[resourceId('SCCM-New','Microsoft.Network/publicIpAddresses', parameters('publicIpAddressName'))]"
                            }
                        }
                    }
                ],
                "networkSecurityGroup": {
                    "id": "[resourceId('SCCM-New', 'Microsoft.Network/networkSecurityGroups', parameters('networkSecurityGroupName'))]"
                }
            }
        },
        {
            "name": "[parameters('publicIpAddressName')]",
            "type": "Microsoft.Network/publicIpAddresses",
            "apiVersion": "2017-08-01",
            "location": "[parameters('location')]",
            "properties": {
                "publicIpAllocationMethod": "[parameters('publicIpAddressType')]"
            },
            "sku": {
                "name": "[parameters('publicIpAddressSku')]"
            }
        },
        {
            "name": "[parameters('networkSecurityGroupName')]",
            "type": "Microsoft.Network/networkSecurityGroups",
            "apiVersion": "2017-06-01",
            "location": "[parameters('location')]",
            "properties": {
                "securityRules": [
                    {
                        "name": "default-allow-rdp",
                        "properties": {
                            "priority": 1000,
                            "protocol": "TCP",
                            "access": "Allow",
                            "direction": "Inbound",
                            "sourceAddressPrefix": "*",
                            "sourcePortRange": "*",
                            "destinationAddressPrefix": "*",
                            "destinationPortRange": "3389"
                        }
                    }
                ]
            }
        }
    ],
    "outputs": {
        "adminUsername": {
            "type": "string",
            "value": "[parameters('adminUsername')]"
        }
    }
}